分组,玩法,地点名称,最近地铁站,所在区,一句话推荐,来源链接
示例（这行填完可以删）,看夜景,景山公园万春亭,北海北,东城区,全北京看故宫中轴线最正的角度，日落前半小时上去,https://www.beijingcitywalk.example/
1 城市漫步,City Walk,,,,,
1 城市漫步,City Walk,,,,,
1 城市漫步,City Walk,,,,,
1 城市漫步,胡同夜游,,,,,
1 城市漫步,胡同夜游,,,,,
1 城市漫步,胡同夜游,,,,,
1 城市漫步,老建筑探索,,,,,
1 城市漫步,老建筑探索,,,,,
1 城市漫步,老建筑探索,,,,,
1 城市漫步,街区探索,,,,,
1 城市漫步,街区探索,,,,,
1 城市漫步,街区探索,,,,,
1 城市漫步,夜游路线,,,,,
1 城市漫步,夜游路线,,,,,
1 城市漫步,夜游路线,,,,,
1 城市漫步,随机城区探索,,,,,
1 城市漫步,随机城区探索,,,,,
1 城市漫步,随机城区探索,,,,,
1 城市漫步,散步,,,,,
1 城市漫步,散步,,,,,
1 城市漫步,散步,,,,,
2 风景 / 氛围,看夜景,,,,,
2 风景 / 氛围,看夜景,,,,,
2 风景 / 氛围,看夜景,,,,,
2 风景 / 氛围,看日落,,,,,
2 风景 / 氛围,看日落,,,,,
2 风景 / 氛围,看日落,,,,,
2 风景 / 氛围,野餐,,,,,
2 风景 / 氛围,野餐,,,,,
2 风景 / 氛围,野餐,,,,,
2 风景 / 氛围,下午茶,,,,,
2 风景 / 氛围,下午茶,,,,,
2 风景 / 氛围,下午茶,,,,,
3 乐园,游乐园,,,,,
3 乐园,游乐园,,,,,
3 乐园,游乐园,,,,,
3 乐园,主题公园,,,,,
3 乐园,主题公园,,,,,
3 乐园,主题公园,,,,,
3 乐园,水上乐园,,,,,
3 乐园,水上乐园,,,,,
3 乐园,水上乐园,,,,,
4 放松,汤泉,,,,,
4 放松,汤泉,,,,,
4 放松,汤泉,,,,,
4 放松,桑拿,,,,,
4 放松,桑拿,,,,,
4 放松,桑拿,,,,,
4 放松,SPA,,,,,
4 放松,SPA,,,,,
4 放松,SPA,,,,,
4 放松,按摩,,,,,
4 放松,按摩,,,,,
4 放松,按摩,,,,,
5 运动场地,骑行,,,,,
5 运动场地,骑行,,,,,
5 运动场地,骑行,,,,,
5 运动场地,滑冰,,,,,
5 运动场地,滑冰,,,,,
5 运动场地,滑冰,,,,,
5 运动场地,保龄球,,,,,
5 运动场地,保龄球,,,,,
5 运动场地,保龄球,,,,,
5 运动场地,射箭,,,,,
5 运动场地,射箭,,,,,
5 运动场地,射箭,,,,,
5 运动场地,射击体验,,,,,
5 运动场地,射击体验,,,,,
5 运动场地,射击体验,,,,,
5 运动场地,壁球,,,,,
5 运动场地,壁球,,,,,
5 运动场地,壁球,,,,,
5 运动场地,匹克球,,,,,
5 运动场地,匹克球,,,,,
5 运动场地,匹克球,,,,,
5 运动场地,迷你高尔夫,,,,,
5 运动场地,迷你高尔夫,,,,,
5 运动场地,迷你高尔夫,,,,,
5 运动场地,模拟赛车,,,,,
5 运动场地,模拟赛车,,,,,
5 运动场地,模拟赛车,,,,,
5 运动场地,模拟飞行,,,,,
5 运动场地,模拟飞行,,,,,
5 运动场地,模拟飞行,,,,,
6 京郊,徒步,,,,,
6 京郊,徒步,,,,,
6 京郊,徒步,,,,,
6 京郊,爬山,,,,,
6 京郊,爬山,,,,,
6 京郊,爬山,,,,,
6 京郊,露营,,,,,
6 京郊,露营,,,,,
6 京郊,露营,,,,,
6 京郊,野营过夜,,,,,
6 京郊,野营过夜,,,,,
6 京郊,野营过夜,,,,,
6 京郊,钓鱼,,,,,
6 京郊,钓鱼,,,,,
6 京郊,钓鱼,,,,,
6 京郊,划船,,,,,
6 京郊,划船,,,,,
6 京郊,划船,,,,,
6 京郊,漂流,,,,,
6 京郊,漂流,,,,,
6 京郊,漂流,,,,,
6 京郊,采摘,,,,,
6 京郊,采摘,,,,,
6 京郊,采摘,,,,,
6 京郊,桨板,,,,,
6 京郊,桨板,,,,,
6 京郊,桨板,,,,,
6 京郊,摩托艇,,,,,
6 京郊,摩托艇,,,,,
6 京郊,摩托艇,,,,,
6 京郊,帆板,,,,,
6 京郊,帆板,,,,,
6 京郊,帆板,,,,,
6 京郊,看日出,,,,,
6 京郊,看日出,,,,,
6 京郊,看日出,,,,,
6 京郊,观星,,,,,
6 京郊,观星,,,,,
6 京郊,观星,,,,,
6 京郊,温泉,,,,,
6 京郊,温泉,,,,,
6 京郊,温泉,,,,,
6 京郊,大型乐园,,,,,
6 京郊,大型乐园,,,,,
6 京郊,大型乐园,,,,,
