玩法,地点名称,人气,季节,备注,来源
观星,喇叭沟门,41%,夏,怀柔最北 光污染少,点点AI·北京观星·参考2170人
观星,国家天文台密云站,28%,夏,即不老屯天文台 两条已合并,点点AI·北京观星·参考2170人
观星,东灵山,10%,夏,门头沟 北京最高峰,点点AI·北京观星·参考2170人
观星,妙峰山,8%,夏,门头沟,点点AI·北京观星·参考2170人
观星,北灵山,6%,夏,门头沟,点点AI·北京观星·参考2170人
观星,延庆四季花海,5%,夏,,点点AI·北京观星·参考2170人
观星,大红山,5%,夏,,点点AI·北京观星·参考2170人
看日出,景山公园,,全年,市区最经典机位 门票2元 登顶5-10分钟,点点AI·北京看日出·参考26篇
看日出,北京西山国家森林公园,,全年,鬼笑石观景台 上下约2小时,点点AI·北京看日出·参考26篇
看日出,妙峰山,,全年,可开车直达山顶 门票10元车 20元人 云海,点点AI·北京看日出·参考26篇
看日出,雾灵山,,全年,自驾直达山顶 需小程序预约 日限200辆 主峰在河北兴隆,点点AI·北京看日出·参考26篇
看日出,海坨山,,全年,延庆 北京第二高峰 需凌晨开始登山,点点AI·北京看日出·参考26篇
看日出,青灰岭,,全年,又名北齐岭 车可开到山顶附近,点点AI·北京看日出·参考26篇
爬山,百望山森林公园,29%,全年,,点点AI·北京爬山·参考4845人
爬山,香山公园,22%,全年,,点点AI·北京爬山·参考4845人
爬山,北京西山国家森林公园,14%,全年,,点点AI·北京爬山·参考4845人
爬山,凤凰岭自然风景区,12%,全年,,点点AI·北京爬山·参考4845人
爬山,东灵山,12%,全年,,点点AI·北京爬山·参考4845人
爬山,坡峰岭,12%,秋,房山 红叶,点点AI·北京爬山·参考4845人
爬山,八大处公园,10%,全年,,点点AI·北京爬山·参考4845人
爬山,雁栖湖西山步道,9%,全年,,点点AI·北京爬山·参考4845人
爬山,北灵山,9%,全年,,点点AI·北京爬山·参考4845人
爬山,玉渡山,8%,全年,,点点AI·北京爬山·参考4845人
徒步,雁栖湖西山步道,,全年,免费 市郊铁路怀密线到雁栖湖站 新手亲子友好,点点AI·北京徒步·参考28篇
徒步,神堂峪栈道,,全年,平缓木栈道 沿溪水 新手亲子友好,点点AI·北京徒步·参考28篇
徒步,玉渡山,,全年,高山草甸和忘忧湖 门票60元,点点AI·北京徒步·参考28篇
徒步,百里画廊,,全年,延庆 几乎零爬升,点点AI·北京徒步·参考28篇
徒步,香八拉,,全年,香山到八大处 约12公里 累计爬升800米 进阶,点点AI·北京徒步·参考28篇
徒步,桑峪村-潭柘寺-定都阁环线,,全年,约8公里环线 石板古道,点点AI·北京徒步·参考28篇
徒步,龙泉峪-水泉沟,,全年,入门级 8-12km 爬升400-700m,点点AI·北京徒步·参考28篇
徒步,坡峰岭,,秋,进阶初级 12-16km 爬升600-1000m,点点AI·北京徒步·参考28篇
徒步,凤凰岭,,全年,进阶初级 12-16km 爬升600-1000m,点点AI·北京徒步·参考28篇
露营,温榆河公园,35%,全年,城市公园 后沙峪 26.7km,点点AI·北京露营·参考4082人
露营,金海湖碧波岛,20%,全年,半岛 平谷区 85km,点点AI·北京露营·参考4082人
露营,玉渡山风景区,13%,全年,山川丘陵,点点AI·北京露营·参考4082人
露营,大运河森林公园,9%,全年,森林公园 通州区 27.2km,点点AI·北京露营·参考4082人
露营,房山小清河,7%,全年,湖泊河流 长阳 22.2km,点点AI·北京露营·参考4082人
露营,南苑森林湿地公园,7%,全年,湿地 南苑 4.7km,点点AI·北京露营·参考4082人
露营,白浮泉公园,6%,全年,湿地公园 昌平区 43.5km,点点AI·北京露营·参考4082人
露营,首钢园永定河集,5%,全年,露营地 石景山区 25.3km,点点AI·北京露营·参考4082人
露营,妙峰山玫瑰梯田,5%,夏,景点 门头沟区 41.9km 玫瑰花期,点点AI·北京露营·参考4082人
露营,朝阳公园,4%,全年,城市公园 姚家园 12.5km,点点AI·北京露营·参考4082人
漂流,乐谷银滩漂流,36%,夏,180米落差急流,点点AI·北京漂流·参考2225人
漂流,清凉谷漂流,28%,夏,,点点AI·北京漂流·参考2225人
漂流,湖洞水漂流,9%,夏,,点点AI·北京漂流·参考2225人
漂流,东湖港漂流,9%,夏,,点点AI·北京漂流·参考2225人
漂流,妫水河漂流,7%,夏,,点点AI·北京漂流·参考2225人
漂流,雾灵西峰漂流,7%,夏,,点点AI·北京漂流·参考2225人
漂流,团结湖公园漂流,6%,夏,市区,点点AI·北京漂流·参考2225人
漂流,八渡高山漂流,5%,夏,,点点AI·北京漂流·参考2225人
划船,亮马河,38%,全年,北京塞纳河,点点AI·北京划船·参考3379人
划船,北海公园,24%,全年,泛舟看白塔,点点AI·北京划船·参考3379人
划船,颐和园,9%,全年,,点点AI·北京划船·参考3379人
划船,紫竹院公园,8%,全年,,点点AI·北京划船·参考3379人
划船,团结湖公园,7%,全年,,点点AI·北京划船·参考3379人
划船,什刹海,6%,全年,,点点AI·北京划船·参考3379人
划船,朝阳公园,4%,全年,,点点AI·北京划船·参考3379人
划船,奥林匹克森林公园,4%,全年,,点点AI·北京划船·参考3379人
划船,温榆河公园,3%,全年,,点点AI·北京划船·参考3379人
划船,通州大运河,2%,全年,,点点AI·北京划船·参考3379人
钓鱼,永定河,24%,全年,,点点AI·北京钓鱼·参考3087人
钓鱼,温榆河,22%,全年,,点点AI·北京钓鱼·参考3087人
钓鱼,潮白河,18%,全年,,点点AI·北京钓鱼·参考3087人
钓鱼,清河,15%,全年,,点点AI·北京钓鱼·参考3087人
钓鱼,亮马河国际钓场,14%,全年,,点点AI·北京钓鱼·参考3087人
钓鱼,白浮泉公园,6%,全年,,点点AI·北京钓鱼·参考3087人
钓鱼,房山小清河,5%,全年,,点点AI·北京钓鱼·参考3087人
钓鱼,金海湖,5%,全年,,点点AI·北京钓鱼·参考3087人
钓鱼,双紫支渠,5%,全年,,点点AI·北京钓鱼·参考3087人
钓鱼,凉水河,5%,全年,,点点AI·北京钓鱼·参考3087人
采摘,真顺淑芬苹果采摘园,,秋,昌平 红富士和王林 10元每斤,点点AI·北京采摘·参考27篇
采摘,福家乐种植园,,秋,昌平 十三陵附近 摘苹果,点点AI·北京采摘·参考27篇
采摘,顺义文敬采摘园,,秋,顺义 挖红薯 田地平缓适合带娃,点点AI·北京采摘·参考27篇
采摘,吉力禾青种植园,,秋,海淀西北旺 挖红薯 还可采玉米和蔬菜 离市区近,点点AI·北京采摘·参考27篇
采摘,龙湾蘑菇采摘园,,秋,采蘑菇 松茸榆黄菇 可能还能摘葡萄,点点AI·北京采摘·参考27篇
桨板,通州大运河,,夏,1号码头水上基地 100元不限时,点点AI·北京水上运动·参考86篇
桨板,亮马河,,夏,北京塞纳河 性价比高,点点AI·北京水上运动·参考86篇
桨板,朝阳公园,,夏,公园西四门进去的荷花湖 有水上运动俱乐部,点点AI·北京水上运动·参考86篇
桨板,北护城河,,夏,二环边 唯码头水上基地 有教练指导 新手友好,点点AI·北京水上运动·参考86篇
桨板,红领巾公园,,夏,码头设施完善 有带空调的更衣室 可夜划,点点AI·北京水上运动·参考86篇
桨板,顺义奥林匹克水上公园,,夏,2008奥运赛场 国际级水上运动场,点点AI·北京水上运动·参考86篇
桨板,温榆河公园,,夏,12号门水上运动基地 有阳光沙滩和热水淋浴,点点AI·北京水上运动·参考86篇
帆板,金海湖,,夏,有帆船赛 可感受扬帆起航,点点AI·北京水上运动·参考86篇
帆板,顺义奥林匹克水上公园,,夏,帆船 索道滑水 水上飞人,点点AI·北京水上运动·参考86篇
水上乐园,北京玛雅海滩水公园,36%,夏,位于欢乐谷内,点点AI·北京水上乐园·参考3429人
水上乐园,团结湖梦幻水上乐园,21%,夏,,点点AI·北京水上乐园·参考3429人
水上乐园,水立方嬉水乐园,21%,夏,,点点AI·北京水上乐园·参考3429人
水上乐园,温都水城·水梦奇缘,9%,夏,,点点AI·北京水上乐园·参考3429人
水上乐园,青年湖水上乐园,6%,夏,,点点AI·北京水上乐园·参考3429人
水上乐园,北京欢乐水魔方,5%,夏,,点点AI·北京水上乐园·参考3429人
水上乐园,阿派朗创造力星球水乐园,5%,夏,,点点AI·北京水上乐园·参考3429人
水上乐园,通州阳光彩虹湾水世界,2%,夏,,点点AI·北京水上乐园·参考3429人
水上乐园,南宫水世界,2%,夏,,点点AI·北京水上乐园·参考3429人
滑冰,冰立方冰上运动中心,,全年,原水立方改造 1830平米 90元2小时 含冰鞋 8号线奥体中心站,点点AI·北京滑冰·参考830人
滑冰,国家速滑馆,,全年,冰丝带 12000平米 门票40元加滑冰80元90分钟 8号线林萃桥站,点点AI·北京滑冰·参考830人
滑冰,国贸溜冰场,,全年,北京首家商场真冰场 40-60元90分钟 国贸商城地下二层,点点AI·北京滑冰·参考830人
滑冰,朝阳大悦城冠军冰场,,全年,1800平米 支持花样滑冰 79元90分钟,点点AI·北京滑冰·参考830人
滑冰,颐和园冰场,38%,冬,昆明湖上滑冰 背景是佛香阁 单人冰车50元不限时 12月底至次年2月,点点AI·北京滑冰·参考830人
滑冰,什刹海冰场,29%,冬,老北京冬天的代名词 市中心最方便 门票100元,点点AI·北京滑冰·参考830人
滑冰,奥园龙形水系冰场,11%,冬,紧挨鸟巢水立方 夜场灯光好 早鸟票59.9元起,点点AI·北京滑冰·参考830人
滑冰,朝阳公园冰场,10%,冬,冰面开阔不限时 西门进最近 早鸟票49.9元,点点AI·北京滑冰·参考830人
滑冰,圆明园冰场,10%,冬,南门进先到凤麟洲冰场 再到福海速滑 单人50元不限时,点点AI·北京滑冰·参考830人
滑雪,南山滑雪场,44%,冬,,点点AI·北京滑雪·参考3788人
滑雪,国家高山滑雪中心,18%,冬,,点点AI·北京滑雪·参考3788人
滑雪,怀北国际滑雪场,17%,冬,,点点AI·北京滑雪·参考3788人
滑雪,军都山滑雪场,13%,冬,,点点AI·北京滑雪·参考3788人
滑雪,静之湖滑雪场,12%,冬,,点点AI·北京滑雪·参考3788人
滑雪,渔阳国际滑雪场,8%,冬,,点点AI·北京滑雪·参考3788人
滑雪,北京西山滑雪场,7%,冬,,点点AI·北京滑雪·参考3788人
滑雪,乔波冰雪大世界,6%,冬,室内 全年可滑,点点AI·北京滑雪·参考3788人
滑雪,万科石京龙滑雪场,6%,冬,,点点AI·北京滑雪·参考3788人
滑雪,云居滑雪场,5%,冬,,点点AI·北京滑雪·参考3788人
骑行,亮马河滨水绿道,,全年,全程约6公里 塑胶骑行道 没有红灯 新手首选,点点AI·北京骑行·参考26篇
骑行,奥林匹克森林公园环线,,全年,南园外约7公里闭环绿道 路很平缓,点点AI·北京骑行·参考26篇
骑行,营城建都滨水绿道,,全年,全长约9.3公里 沿老护城河 人少景美,点点AI·北京骑行·参考26篇
骑行,长安街及天安门环线,,全年,全程路况很好 自行车道宽阔 晚上骑能看夜景,点点AI·北京骑行·参考26篇
骑行,中轴线文化骑行,,全年,全长约7.8公里 串联永定门天坛前门天安门,点点AI·北京骑行·参考26篇
骑行,通州大运河线,,全年,京骑行的天花板 骑行专用道 全程约35公里,点点AI·北京骑行·参考26篇
汤泉,九号温泉生活馆,31%,全年,,点点AI·北京汤泉·参考3734人
汤泉,V汤泉生活馆,29%,全年,,点点AI·北京汤泉·参考3734人
汤泉,水裹汤泉,17%,全年,,点点AI·北京汤泉·参考3734人
汤泉,海德汤泉,15%,全年,,点点AI·北京汤泉·参考3734人
汤泉,水酷汤泉,9%,全年,,点点AI·北京汤泉·参考3734人
汤泉,曲水兰亭,7%,全年,,点点AI·北京汤泉·参考3734人
汤泉,西山温泉,5%,全年,,点点AI·北京汤泉·参考3734人
汤泉,禧泉汤泉,4%,全年,,点点AI·北京汤泉·参考3734人
汤泉,尚隐泉,3%,全年,,点点AI·北京汤泉·参考3734人
汤泉,浅潜汤泉,2%,全年,,点点AI·北京汤泉·参考3734人
射箭,雍和大厦F座射箭馆,,全年,有女教练一对一指导,点点AI·北京射箭·参考83篇
射箭,紫竹院公园旁射箭馆,,全年,女教练专业有耐心 环境好 有按摩椅,点点AI·北京射箭·参考83篇
射箭,一箭倾心射箭馆,,全年,世贸天阶店 单人119元每小时 双人219元每小时,点点AI·北京射箭·参考83篇
射箭,全城弓猎,,全年,开了十多年的老俱乐部 10米和18米两种赛道,点点AI·北京射箭·参考83篇
射箭,箭来,,全年,位于长楹天街 环境天花板级,点点AI·北京射箭·参考83篇
射箭,启弦射箭俱乐部,,全年,日坛公园附近 偶有59.9元双人新人体验 需预约,点点AI·北京射箭·参考83篇
射击体验,北航射击馆,44%,全年,主打激光射击 校外60元半小时 馆内6个位置,点点AI·北京射击·参考894人
射击体验,中国人民革命军事博物馆,20%,全年,体验区,点点AI·北京射击·参考894人
射击体验,清华大学射击馆,12%,全年,,点点AI·北京射击·参考894人
射击体验,中国北方国际射击场,12%,全年,,点点AI·北京射击·参考894人
射击体验,中关村紫荆射击,12%,全年,,点点AI·北京射击·参考894人
保龄球,MINIMARS,44%,全年,酒仙桥 儿童乐园内,点点AI·北京保龄球·参考380人
保龄球,东环保龄球馆,22%,全年,,点点AI·北京保龄球·参考380人
保龄球,西郊宾馆,11%,全年,原文标注暂无地点信息,点点AI·北京保龄球·参考380人
保龄球,地坛保龄球馆,11%,全年,和平里,点点AI·北京保龄球·参考380人
保龄球,体育中心保龄球馆,11%,全年,原文标注暂无地点信息,点点AI·北京保龄球·参考380人
壁球,灵动壁球中心,36%,全年,场地宽敞挑高 提供免费拍球 月卡性价比高,点点AI·北京壁球·参考28篇
壁球,公园壁球,29%,全年,室外全自助场地 价格亲民 停车方便,点点AI·北京壁球·参考28篇
壁球,弧独壁球馆,18%,全年,单场自助零交流 人友好 冬天偏冷,点点AI·北京壁球·参考28篇
壁球,菲林壁球,14%,全年,日坛B座 极简透光空间 新手团课,点点AI·北京壁球·参考28篇
壁球,凯宾斯基壁球馆,11%,全年,新装修带桑拿洗浴 按人头收费无教练,点点AI·北京壁球·参考28篇
壁球,中关新园壁球馆,11%,全年,人少好约 学生价便宜 地下场馆空气略差,点点AI·北京壁球·参考28篇
壁球,极速壁球俱乐部,11%,全年,紧邻罗马湖风景美 场地好 主打青少培训,点点AI·北京壁球·参考28篇
匹克球,川火体育运动中心,,全年,目前北京室内最专业 兼有羽毛球和网球 有川火杯,点点AI·北京匹克球·参考55篇
匹克球,朝阳公园匹克球场,,全年,北京首个夜光匹克球场 18-19号有夜光灯 新手友好,点点AI·北京匹克球·参考55篇
匹克球,国家网球中心匹克球场,,全年,F区新开的场地平整 南区地面偏滑 场地数量多,点点AI·北京匹克球·参考55篇
匹克球,国贸银泰中心·inspace,,全年,室内 赛事级JOOLA装备和地胶 国贸核心地段,点点AI·北京匹克球·参考55篇
匹克球,第三拍匹克球俱乐部,,全年,室外6片场地 美式风格 还能玩桌游拼豆 周六有比赛直播,点点AI·北京匹克球·参考55篇
匹克球,心动湃匹克球,,全年,顺义后沙峪 室内标准丙烯酸地面 闲时120元忙时180元每场,点点AI·北京匹克球·参考55篇
迷你高尔夫,昕海高尔夫,,全年,Xinhai MiniGolf 室内外两个场地 室外是中式园林风,点点AI·北京迷你高尔夫·参考41篇
迷你高尔夫,四季小白球,,全年,大型室内高尔夫会所 顶级3D仿真系统,点点AI·北京迷你高尔夫·参考41篇
迷你高尔夫,北京华贸中心,,全年,迪桑特店 户外广场的高尔夫体验 活动有限 去前确认,点点AI·北京迷你高尔夫·参考41篇
迷你高尔夫,北京时代美术馆,,全年,曾办Craig & Karl展览 含9洞迷你高尔夫互动装置,点点AI·北京迷你高尔夫·参考41篇
迷你高尔夫,弹力猩球家庭运动乐园,,全年,超大室内运动综合体 另有攀岩蹦床滑索等三十多项,点点AI·北京迷你高尔夫·参考41篇
高空运动,首钢大跳台,,全年,顽酷气跳楼 720度暮登观景台 15/21/35米速降 飞拉达 魔网矩阵,点点AI·北京高空运动·参考54篇
高空运动,温榆河河心体验营地,,全年,朝阳昌平顺义交界 近20米速空塔 空中飞梯 难度分级,点点AI·北京高空运动·参考54篇
高空运动,门头沟八奇洞,,全年,飞拉达 高空速降 恐高者慎考虑,点点AI·北京高空运动·参考54篇
高空运动,八达岭机场基地,,全年,首都最早的航空运动基地 4000米高空俯瞰长城康西草原野鸭湖,点点AI·北京高空运动·参考54篇
高空运动,江南辉煌跳伞飞行俱乐部,,全年,全国连锁 教练持专业认证,点点AI·北京高空运动·参考54篇
瀑降,乐谷银滩,,夏,约60米高瀑布 三段 岩壁下降空中悬荡斜坡下降 双绳保护,点点AI·北京水上运动·参考86篇
下午茶,糖房咖啡,25%,全年,,点点AI·北京下午茶·参考3504人
下午茶,VOYAGE COFFEE,23%,全年,,点点AI·北京下午茶·参考3504人
下午茶,铁手咖啡制造局,20%,全年,,点点AI·北京下午茶·参考3504人
下午茶,静水StillWater,18%,全年,,点点AI·北京下午茶·参考3504人
下午茶,元古,13%,全年,,点点AI·北京下午茶·参考3504人
下午茶,万春金福,11%,全年,,点点AI·北京下午茶·参考3504人
下午茶,JM Cafe,9%,全年,,点点AI·北京下午茶·参考3504人
下午茶,Town House,8%,全年,,点点AI·北京下午茶·参考3504人
下午茶,227 COFFEE,6%,全年,,点点AI·北京下午茶·参考3504人
下午茶,Cafe Clark,5%,全年,,点点AI·北京下午茶·参考3504人
看夜景,CBD核心区,,全年,中国尊大裤衩 蓝调时刻18:30-19:30 机位在通惠河大望路桥,点点AI·北京看夜景·参考28篇
看夜景,奥林匹克公园,,全年,冰丝带流线型灯光和奥林匹克塔霓虹 地铁8/15号线直达,点点AI·北京看夜景·参考28篇
看夜景,天坛公园,,全年,祈年殿 仅周五六日及法定节假日19:00-21:30亮灯 平日不亮,点点AI·北京看夜景·参考28篇
看夜景,天安门广场,,全年,华灯初上 金水桥前可拍完整倒影 需小程序提前免费预约,点点AI·北京看夜景·参考28篇
看夜景,景山公园,,全年,登万春亭俯瞰故宫夜景 拍中轴线的经典机位,点点AI·北京看夜景·参考28篇
看夜景,什刹海,,全年,老北京胡同与水乡风情 傍晚可坐摇橹船,点点AI·北京看夜景·参考28篇
看夜景,亮马河,,全年,沿岸灯光浪漫 蓝色港湾到三里屯 夜游City Walk热门路线,点点AI·北京看夜景·参考28篇
看夜景,通州大运河,,全年,北京的小外滩 人少 滨水平台开阔 20:00-22:00有灯光秀,点点AI·北京看夜景·参考28篇
看夜景,北京西山国家森林公园,,全年,鬼笑石 最经典的夜景俯瞰点 国贸等地标尽收眼底,点点AI·北京看夜景·参考28篇
看日落,景山公园,,全年,京城日落C位 万春亭俯瞰故宫 金色余晖洒满琉璃瓦,点点AI·北京看日落·参考26篇
看日落,颐和园,,全年,十七孔桥 冬至前后有金光穿洞奇景,点点AI·北京看日落·参考26篇
看日落,什刹海,,全年,银锭桥上的银锭观山 钟楼和西山的剪影,点点AI·北京看日落·参考26篇
看日落,奥林匹克塔,,全年,塔顶观景台360度 鸟巢水立方中轴线尽收眼底,点点AI·北京看日落·参考26篇
看日落,国贸北区6楼天台,,全年,免费的CBD天花板 中国尊央视大楼与晚霞车流光轨同框,点点AI·北京看日落·参考26篇
看日落,南苑森林湿地公园,,全年,燕鼎台 免费小众观景台 高59米 可远眺西山国贸,点点AI·北京看日落·参考26篇
看日落,新首钢大桥,,全年,钢结构大桥横跨永定河 工业风 桥两侧人行道免费,点点AI·北京看日落·参考26篇
看日落,金海湖,,全年,北京小洱海 日落把湖面染成橘子海,点点AI·北京看日落·参考26篇
看日落,妙峰山,,全年,看云海和日落的绝佳地点 雨后初晴概率大 山顶冷带外套,点点AI·北京看日落·参考26篇
看日落,落坡岭水库,,全年,原生态草地群山环抱 偶有绿皮火车驶过,点点AI·北京看日落·参考26篇
野餐,朝阳公园,22%,全年,城市公园 姚家园 12.5km,点点AI·北京野餐
野餐,奥林匹克森林公园,20%,全年,森林公园 亚运村商圈,点点AI·北京野餐
野餐,温榆河公园,19%,全年,城市公园 后沙峪 26.7km,点点AI·北京野餐
野餐,海淀公园,13%,全年,自然风光 海淀区 25.7km,点点AI·北京野餐
野餐,南苑森林湿地公园,13%,全年,湿地 南苑 4.7km,点点AI·北京野餐
野餐,金海湖,8%,全年,湖泊河流 平谷区 85.7km,点点AI·北京野餐
野餐,南海子公园,8%,全年,城市公园 大兴区 7.6km,点点AI·北京野餐
野餐,玉渡山风景区,8%,全年,山川丘陵,点点AI·北京野餐
野餐,大运河森林公园,6%,全年,森林公园 通州区 27.2km,点点AI·北京野餐
野餐,白浮泉公园,6%,全年,湿地公园 昌平区 43.5km,点点AI·北京野餐
游乐园,北京环球影城,39%,全年,主题乐园 梨园 21.7km,点点AI·北京游乐园·参考4859人
游乐园,泡泡玛特城市乐园,23%,全年,原文标注暂无地点信息,点点AI·北京游乐园·参考4859人
游乐园,北京欢乐谷,21%,全年,主题乐园 十八里店 6.5km,点点AI·北京游乐园·参考4859人
游乐园,石景山游乐园,7%,全年,景点 八角 20.3km,点点AI·北京游乐园·参考4859人
游乐园,团结湖梦幻水乐园,5%,夏,景点 姚家园 10km,点点AI·北京游乐园·参考4859人
游乐园,北京世界公园,4%,全年,世界公园 12.5km,点点AI·北京游乐园·参考4859人
游乐园,Meland Club五棵松,2%,全年,游乐园 五棵松 15.2km,点点AI·北京游乐园·参考4859人
游乐园,尺木神奇世界,2%,全年,儿童乐园 来广营 23.4km,点点AI·北京游乐园·参考4859人
游乐园,阿派朗创造力乐园,2%,全年,亲子玩乐 张家湾 26.8km,点点AI·北京游乐园·参考4859人
游乐园,阳光拍拍熊主题乐园,1%,全年,原文标注暂无地点信息,点点AI·北京游乐园·参考4859人
City Walk,前门-杨梅竹斜街线,,全年,虎坊桥到杨梅竹斜街北京坊西兴隆街 文艺小店和咖啡馆,点点AI·北京citywalk·参考26篇
City Walk,什刹海-国子监线,,全年,雍和宫到国子监街方家胡同鼓楼东大街什刹海 古建咖啡美食,点点AI·北京citywalk·参考26篇
City Walk,秋日氛围胡同线,,秋,东交民巷到西兴隆街三里河公园北京坊杨梅竹斜街,点点AI·北京citywalk·参考26篇
City Walk,亮马河线,,全年,蓝色港湾到三里屯北小街 河边咖啡和酒馆 可划桨板,点点AI·北京citywalk·参考26篇
City Walk,西四-白塔寺线,,全年,西四南大街到妙应白塔寺宫门口东西岔 鲁迅博物馆历代帝王庙,点点AI·北京citywalk·参考26篇
街区探索,经典胡同漫游线,,全年,崇文门到东交民巷西兴隆街三里河公园杨梅竹斜街前门 约3.5公里4-5小时,点点AI·北京街区探索·参考65篇
街区探索,文艺潮流漫步线,,全年,东四到东四南大街隆福寺北新桥鼓楼东大街 面包和咖啡的天堂,点点AI·北京街区探索·参考65篇
街区探索,丹枫隆福,,全年,官方Citywalk路线 串联77文创园中国美术馆隆福寺史家胡同,点点AI·北京街区探索·参考65篇
街区探索,潮创西四,,全年,官方Citywalk路线 白塔寺一带 古建书店咖啡小吃集中,点点AI·北京街区探索·参考65篇
街区探索,橙跃朝外,,全年,官方Citywalk路线 朝阳门到THE BOX侨福芳草地 老北京与年轻潮流,点点AI·北京街区探索·参考65篇
街区探索,杨梅竹斜街,,全年,比南锣鼓巷安静 独立书店文创店复古咖啡馆,点点AI·北京街区探索·参考65篇
街区探索,西兴隆街,,全年,紧邻鲜鱼口 咖啡馆手作店生活方式集合店,点点AI·北京街区探索·参考65篇
街区探索,三里河公园,,全年,藏在胡同里的首都小江南 小桥流水闹中取静,点点AI·北京街区探索·参考65篇
街区探索,隆福寺街区,,全年,分南院东院北里三区 传统京味文艺休闲潮流美食,点点AI·北京街区探索·参考65篇
街区探索,东四南大街,,全年,可能有书等特色小店 边走边逛边吃,点点AI·北京街区探索·参考65篇
